
SET IDENTITY_INSERT Course_Offerings_ProfG_FP ON;
INSERT INTO [Course_Offerings_ProfG_FP] ([CourseOfferingID], [CourseID], [StartDate], [EndDate], [Notes])
VALUES
(1001, 11, '2024-01-10', '2024-01-11', 'Historical offering of CourseID 11'),
(1002, 2, '2024-01-20', '2024-01-21', 'Historical offering of CourseID 2'),
(1003, 1, '2024-01-30', '2024-01-31', 'Historical offering of CourseID 1'),
(1004, 12, '2024-02-09', '2024-02-10', 'Historical offering of CourseID 12'),
(1005, 5, '2024-02-19', '2024-02-20', 'Historical offering of CourseID 5');
SET IDENTITY_INSERT Course_Offerings_ProfG_FP OFF;

SET IDENTITY_INSERT Classes_ProfG_FP ON;
INSERT INTO [Classes_ProfG_FP] ([ClassID], [CourseOfferingID], [InstructorID], [LocationID], [ClassDate], [StartTime], [EndTime], [Capacity])
VALUES
(1001, 1001, 4, 1, '2024-01-10', '09:00', '17:00', 25),
(1002, 1001, 4, 1, '2024-01-11', '09:00', '17:00', 25),
(1003, 1002, 4, 1, '2024-01-20', '09:00', '17:00', 25),
(1004, 1002, 4, 1, '2024-01-21', '09:00', '17:00', 25),
(1005, 1003, 3, 1, '2024-01-30', '09:00', '17:00', 25),
(1006, 1003, 3, 1, '2024-01-31', '09:00', '17:00', 25),
(1007, 1004, 2, 1, '2024-02-09', '09:00', '17:00', 25),
(1008, 1004, 2, 1, '2024-02-10', '09:00', '17:00', 25),
(1009, 1005, 9, 1, '2024-02-19', '09:00', '17:00', 25),
(1010, 1005, 9, 1, '2024-02-20', '09:00', '17:00', 25);
SET IDENTITY_INSERT Classes_ProfG_FP OFF;

ALTER TABLE Students_ProfG_FP
ADD Last4SSN_Plaintext CHAR(4) NULL;

SET IDENTITY_INSERT Students_ProfG_FP ON;
INSERT INTO Students_ProfG_FP ([StudentID], [FirstName], [LastName], [DOB], [PhoneNumber], [Email], [Address], [City], [State], [ZipCode], [AgencyID], [Last4SSN_Encrypted], [IsActive], [CreatedDate], [Last4SSN_Plaintext])
VALUES
(1000, 'Linda', 'Jones', '1996-11-22', '805-785-2796', 'linda.jones1000@example.com', '2519 Elm St', 'Binghamton', 'TX', '83079', 1, NULL, 0, '2024-01-01', '5530'),
(1001, 'Linda', 'Hernandez', '1993-04-14', '395-158-6697', 'linda.hernandez1001@example.com', '5946 Elm St', 'Buffalo', 'CA', '55116', 4, NULL, 0, '2024-01-01', '1804'),
(1002, 'Mary', 'Johnson', '1973-05-20', '566-576-2399', 'mary.johnson1002@example.com', '5057 Main St', 'Rochester', 'TX', '58638', NULL, NULL, 0, '2024-01-01', '2842'),
(1003, 'Robert', 'Hernandez', '1998-10-24', '145-525-2303', 'robert.hernandez1003@example.com', '1431 Elm St', 'New Rochelle', 'NY', '29302', NULL, NULL, 0, '2024-01-01', '4890'),
(1004, 'Mary', 'Brown', '1973-09-07', '638-655-9110', 'mary.brown1004@example.com', '5592 Elm St', 'Buffalo', 'MI', '71648', 1, NULL, 0, '2024-01-01', '6122'),
(1005, 'Patricia', 'Garcia', '1994-09-24', '556-412-2607', 'patricia.garcia1005@example.com', '4852 Maple St', 'Ithaca', 'GA', '11328', 2, NULL, 0, '2024-01-01', '0012'),
(1006, 'John', 'Davis', '1993-08-17', '617-137-3792', 'john.davis1006@example.com', '8182 Elm St', 'Rochester', 'GA', '48814', 1, NULL, 0, '2024-01-01', '7863'),
(1007, 'Jennifer', 'Davis', '1990-03-28', '336-814-4735', 'jennifer.davis1007@example.com', '5768 Main St', 'New Rochelle', 'TX', '11717', 5, NULL, 0, '2024-01-01', '4864'),
(1008, 'Linda', 'Brown', '1970-10-28', '644-611-4578', 'linda.brown1008@example.com', '2386 Elm St', 'Troy', 'MI', '31156', 2, NULL, 0, '2024-01-01', '3033'),
(1009, 'Mary', 'Miller', '1975-10-17', '679-148-9832', 'mary.miller1009@example.com', '2386 Main St', 'Ithaca', 'PA', '41921', 4, NULL, 0, '2024-01-01', '2119'),
(1010, 'Patricia', 'Martinez', '1990-12-20', '338-856-1479', 'patricia.martinez1010@example.com', '5620 Elm St', 'Rochester', 'NY', '78645', 2, NULL, 0, '2024-01-01', '8357'),
(1011, 'James', 'Smith', '1968-10-23', '669-674-1330', 'james.smith1011@example.com', '6529 Maple St', 'Troy', 'FL', '67175', 4, NULL, 0, '2024-01-01', '4306'),
(1012, 'Jennifer', 'Johnson', '1978-07-13', '866-409-3015', 'jennifer.johnson1012@example.com', '3878 Pine St', 'Yonkers', 'NY', '35031', NULL, NULL, 0, '2024-01-01', '8497'),
(1013, 'Patricia', 'Hernandez', '1968-07-02', '501-815-4404', 'patricia.hernandez1013@example.com', '5401 Elm St', 'White Plains', 'MI', '96945', 2, NULL, 0, '2024-01-01', '4709'),
(1014, 'Jennifer', 'Williams', '2003-10-04', '420-686-1979', 'jennifer.williams1014@example.com', '2322 Main St', 'Albany', 'NC', '39962', 3, NULL, 0, '2024-01-01', '5851'),
(1015, 'Jennifer', 'Smith', '2001-07-24', '523-384-7442', 'jennifer.smith1015@example.com', '3125 Elm St', 'Binghamton', 'NC', '40825', 1, NULL, 0, '2024-01-01', '0557'),
(1016, 'Patricia', 'Brown', '2003-03-20', '977-789-2987', 'patricia.brown1016@example.com', '5623 Main St', 'Binghamton', 'CA', '52146', NULL, NULL, 0, '2024-01-01', '3861'),
(1017, 'David', 'Martinez', '1987-05-08', '335-149-7859', 'david.martinez1017@example.com', '4784 Pine St', 'Buffalo', 'FL', '81582', 2, NULL, 0, '2024-01-01', '4363'),
(1018, 'Jennifer', 'Williams', '1991-03-21', '305-374-6534', 'jennifer.williams1018@example.com', '6552 Maple St', 'New Rochelle', 'OH', '14140', 3, NULL, 0, '2024-01-01', '4943'),
(1019, 'Patricia', 'Johnson', '1975-02-06', '853-355-8734', 'patricia.johnson1019@example.com', '9660 Maple St', 'White Plains', 'PA', '83526', NULL, NULL, 0, '2024-01-01', '3455'),
(1020, 'John', 'Miller', '1985-01-11', '263-758-3002', 'john.miller1020@example.com', '4428 Elm St', 'New Rochelle', 'TX', '50586', 4, NULL, 0, '2024-01-01', '9544'),
(1021, 'John', 'Williams', '1980-04-27', '981-226-2730', 'john.williams1021@example.com', '3665 Elm St', 'Troy', 'TX', '50709', 1, NULL, 0, '2024-01-01', '4707'),
(1022, 'David', 'Williams', '1987-07-12', '569-307-4564', 'david.williams1022@example.com', '3693 Main St', 'Troy', 'PA', '55017', NULL, NULL, 0, '2024-01-01', '3700'),
(1023, 'Elizabeth', 'Johnson', '1993-12-11', '935-488-7140', 'elizabeth.johnson1023@example.com', '5411 Elm St', 'White Plains', 'FL', '94185', 1, NULL, 0, '2024-01-01', '1531'),
(1024, 'Michael', 'Martinez', '1998-06-03', '324-483-5282', 'michael.martinez1024@example.com', '6832 Elm St', 'Ithaca', 'OH', '45830', 5, NULL, 0, '2024-01-01', '0359'),
(1025, 'Mary', 'Davis', '1991-01-21', '866-302-8064', 'mary.davis1025@example.com', '5538 Elm St', 'Buffalo', 'FL', '13555', 2, NULL, 0, '2024-01-01', '2026'),
(1026, 'John', 'Jones', '1996-06-25', '992-612-4125', 'john.jones1026@example.com', '202 Main St', 'Troy', 'CA', '55311', 1, NULL, 0, '2024-01-01', '7289'),
(1027, 'Linda', 'Martinez', '1997-01-11', '423-954-9389', 'linda.martinez1027@example.com', '4951 Oak St', 'Albany', 'IL', '37509', 4, NULL, 0, '2024-01-01', '6297'),
(1028, 'James', 'Smith', '1987-11-28', '729-810-3178', 'james.smith1028@example.com', '4124 Oak St', 'Rochester', 'NC', '67072', 3, NULL, 0, '2024-01-01', '6291'),
(1029, 'Patricia', 'Jones', '1975-09-18', '627-943-5152', 'patricia.jones1029@example.com', '4998 Main St', 'Troy', 'NC', '83318', NULL, NULL, 0, '2024-01-01', '8515'),
(1030, 'Patrick', 'Jones', '1975-09-18', '627-943-8132', 'patrick.jones1029@example.com', '4998 Main St', 'Troy', 'NC', '83318', NULL, NULL, 0, '2024-01-01', '8516');
SET IDENTITY_INSERT Students_ProfG_FP OFF;

UPDATE S23804121.Students_ProfG_FP
SET Last4SSN_Encrypted = ENCRYPTBYPASSPHRASE('YourStrongPassphrase!', Last4SSN_Plaintext)
WHERE Last4SSN_Encrypted IS NULL AND Last4SSN_Plaintext IS NOT NULL;

ALTER TABLE S23804121.Students_ProfG_FP
DROP COLUMN Last4SSN_Plaintext;

SET IDENTITY_INSERT Enrollments_ProfG_FP ON;
INSERT INTO [Enrollments_ProfG_FP] ([EnrollmentID], [StudentID], [CourseOfferingID], [EnrollmentDate], [Status], [CompletionDate])
VALUES
(2001, 1016, 1001, '2024-01-01', 'Completed', '2024-01-15'),
(2002, 1014, 1001, '2024-01-01', 'Completed', '2024-01-15'),
(2003, 1007, 1001, '2024-01-01', 'Completed', '2024-01-15'),
(2004, 1027, 1001, '2024-01-01', 'Completed', '2024-01-15'),
(2005, 1008, 1001, '2024-01-01', 'Completed', '2024-01-15'),
(2006, 1023, 1001, '2024-01-01', 'Completed', '2024-01-15'),
(2007, 1001, 1002, '2024-01-01', 'Completed', '2024-01-15'),
(2008, 1019, 1002, '2024-01-01', 'Completed', '2024-01-15'),
(2009, 1017, 1002, '2024-01-01', 'Completed', '2024-01-15'),
(2010, 1006, 1002, '2024-01-01', 'Completed', '2024-01-15'),
(2011, 1010, 1002, '2024-01-01', 'Completed', '2024-01-15'),
(2012, 1029, 1002, '2024-01-01', 'Completed', '2024-01-15'),
(2013, 1005, 1003, '2024-01-01', 'Completed', '2024-01-15'),
(2014, 1021, 1003, '2024-01-01', 'Completed', '2024-01-15'),
(2015, 1022, 1003, '2024-01-01', 'Completed', '2024-01-15'),
(2016, 1026, 1003, '2024-01-01', 'Completed', '2024-01-15'),
(2017, 1030, 1003, '2024-01-01', 'Completed', '2024-01-15'),
(2018, 1018, 1003, '2024-01-01', 'Completed', '2024-01-15'),
(2019, 1015, 1004, '2024-01-01', 'Completed', '2024-01-15'),
(2020, 1002, 1004, '2024-01-01', 'Completed', '2024-01-15'),
(2021, 1009, 1004, '2024-01-01', 'Completed', '2024-01-15'),
(2022, 1020, 1004, '2024-01-01', 'Completed', '2024-01-15'),
(2023, 1024, 1004, '2024-01-01', 'Completed', '2024-01-15'),
(2024, 1012, 1004, '2024-01-01', 'Completed', '2024-01-15'),
(2025, 1028, 1005, '2024-01-01', 'Completed', '2024-01-15'),
(2026, 1013, 1005, '2024-01-01', 'Completed', '2024-01-15'),
(2027, 1003, 1005, '2024-01-01', 'Completed', '2024-01-15'),
(2028, 1004, 1005, '2024-01-01', 'Completed', '2024-01-15'),
(2029, 1011, 1005, '2024-01-01', 'Completed', '2024-01-15'),
(2030, 1025, 1005, '2024-01-01', 'Completed', '2024-01-15');
SET IDENTITY_INSERT Enrollments_ProfG_FP OFF;

SET IDENTITY_INSERT Attendance_ProfG_FP ON;
INSERT INTO [Attendance_ProfG_FP] ([AttendanceID], [EnrollmentID], [ClassID], [ClassDate], [Present])
VALUES
(3001, 2001, 1001, '2024-01-01', 1),
(3002, 2001, 1002, '2024-01-01', 1),
(3003, 2002, 1001, '2024-01-01', 1),
(3004, 2002, 1002, '2024-01-01', 1),
(3005, 2003, 1001, '2024-01-01', 1),
(3006, 2003, 1002, '2024-01-01', 1),
(3007, 2004, 1001, '2024-01-01', 1),
(3008, 2004, 1002, '2024-01-01', 1),
(3009, 2005, 1001, '2024-01-01', 1),
(3010, 2005, 1002, '2024-01-01', 1),
(3011, 2006, 1001, '2024-01-01', 1),
(3012, 2006, 1002, '2024-01-01', 1),
(3013, 2007, 1003, '2024-01-01', 1),
(3014, 2007, 1004, '2024-01-01', 1),
(3015, 2008, 1003, '2024-01-01', 1),
(3016, 2008, 1004, '2024-01-01', 1),
(3017, 2009, 1003, '2024-01-01', 1),
(3018, 2009, 1004, '2024-01-01', 1),
(3019, 2010, 1003, '2024-01-01', 1),
(3020, 2010, 1004, '2024-01-01', 1),
(3021, 2011, 1003, '2024-01-01', 1),
(3022, 2012, 1003, '2024-01-01', 1),
(3023, 2012, 1004, '2024-01-01', 1),
(3024, 2013, 1005, '2024-01-01', 1),
(3025, 2013, 1006, '2024-01-01', 1),
(3026, 2014, 1005, '2024-01-01', 1),
(3027, 2014, 1006, '2024-01-01', 1),
(3028, 2015, 1005, '2024-01-01', 1),
(3029, 2015, 1006, '2024-01-01', 1),
(3030, 2016, 1005, '2024-01-01', 1),
(3031, 2016, 1006, '2024-01-01', 1),
(3032, 2017, 1005, '2024-01-01', 1),
(3033, 2017, 1006, '2024-01-01', 1),
(3034, 2018, 1005, '2024-01-01', 1),
(3035, 2018, 1006, '2024-01-01', 1),
(3036, 2019, 1007, '2024-01-01', 1),
(3037, 2020, 1007, '2024-01-01', 1),
(3038, 2020, 1008, '2024-01-01', 1),
(3039, 2021, 1007, '2024-01-01', 1),
(3040, 2021, 1008, '2024-01-01', 1),
(3041, 2022, 1007, '2024-01-01', 1),
(3042, 2022, 1008, '2024-01-01', 1),
(3043, 2023, 1007, '2024-01-01', 1),
(3044, 2024, 1007, '2024-01-01', 1),
(3045, 2024, 1008, '2024-01-01', 1),
(3046, 2025, 1009, '2024-01-01', 1),
(3047, 2025, 1010, '2024-01-01', 1),
(3048, 2026, 1009, '2024-01-01', 1),
(3049, 2026, 1010, '2024-01-01', 1),
(3050, 2027, 1009, '2024-01-01', 1),
(3051, 2027, 1010, '2024-01-01', 1),
(3052, 2028, 1009, '2024-01-01', 1),
(3053, 2028, 1010, '2024-01-01', 1),
(3054, 2029, 1009, '2024-01-01', 1),
(3055, 2030, 1009, '2024-01-01', 1);
SET IDENTITY_INSERT Attendance_ProfG_FP OFF;

SET IDENTITY_INSERT Certificates_ProfG_FP ON;
INSERT INTO [Certificates_ProfG_FP] ([CertificateID], [EnrollmentID], [IssueDate], [ExpirationDate], [CertificateTypeID])
VALUES
(4001, 2001, '2024-01-16', '2027-01-16', 2),
(4002, 2002, '2024-01-16', '2027-01-16', 12),
(4003, 2003, '2024-01-16', '2027-01-16', 12),
(4004, 2004, '2024-01-16', '2027-01-16', 12),
(4005, 2005, '2024-01-16', '2027-01-16', 2),
(4006, 2006, '2024-01-16', '2027-01-16', 1),
(4007, 2007, '2024-01-16', '2027-01-16', 2),
(4008, 2008, '2024-01-16', '2027-01-16', 2),
(4009, 2009, '2024-01-16', '2027-01-16', 5),
(4010, 2010, '2024-01-16', '2027-01-16', 5),
(4011, 2012, '2024-01-16', '2027-01-16', 1),
(4012, 2013, '2024-01-16', '2027-01-16', 5),
(4013, 2014, '2024-01-16', '2027-01-16', 12),
(4014, 2015, '2024-01-16', '2027-01-16', 5),
(4015, 2016, '2024-01-16', '2027-01-16', 12),
(4016, 2017, '2024-01-16', '2027-01-16', 1),
(4017, 2018, '2024-01-16', '2027-01-16', 2),
(4018, 2020, '2024-01-16', '2027-01-16', 2),
(4019, 2021, '2024-01-16', '2027-01-16', 5),
(4020, 2022, '2024-01-16', '2027-01-16', 12),
(4021, 2024, '2024-01-16', '2027-01-16', 11),
(4022, 2025, '2024-01-16', '2027-01-16', 11),
(4023, 2026, '2024-01-16', '2027-01-16', 11),
(4024, 2027, '2024-01-16', '2027-01-16', 2),
(4025, 2028, '2024-01-16', '2027-01-16', 2);
SET IDENTITY_INSERT Certificates_ProfG_FP OFF;

SET IDENTITY_INSERT Payment_Confirmations_ProfG_FP ON;
INSERT INTO [Payment_Confirmations_ProfG_FP] ([PaymentConfirmationID], [EnrollmentID], [SquareTransactionID], [PaymentDate], [Amount])
VALUES
(5001, 2001, 'TXN5001', '2024-01-01', 125.00),
(5002, 2002, 'TXN5002', '2024-01-01', 125.00),
(5003, 2003, 'TXN5003', '2024-01-01', 125.00),
(5004, 2004, 'TXN5004', '2024-01-01', 125.00),
(5005, 2005, 'TXN5005', '2024-01-01', 125.00),
(5006, 2006, 'TXN5006', '2024-01-01', 125.00),
(5007, 2007, 'TXN5007', '2024-01-01', 125.00),
(5008, 2008, 'TXN5008', '2024-01-01', 125.00),
(5009, 2009, 'TXN5009', '2024-01-01', 125.00),
(5010, 2010, 'TXN5010', '2024-01-01', 125.00),
(5011, 2011, 'TXN5011', '2024-01-01', 125.00),
(5012, 2012, 'TXN5012', '2024-01-01', 125.00),
(5013, 2013, 'TXN5013', '2024-01-01', 125.00),
(5014, 2014, 'TXN5014', '2024-01-01', 125.00),
(5015, 2015, 'TXN5015', '2024-01-01', 125.00),
(5016, 2016, 'TXN5016', '2024-01-01', 125.00),
(5017, 2017, 'TXN5017', '2024-01-01', 125.00),
(5018, 2018, 'TXN5018', '2024-01-01', 125.00),
(5019, 2019, 'TXN5019', '2024-01-01', 125.00),
(5020, 2020, 'TXN5020', '2024-01-01', 125.00),
(5021, 2021, 'TXN5021', '2024-01-01', 125.00),
(5022, 2022, 'TXN5022', '2024-01-01', 125.00),
(5023, 2023, 'TXN5023', '2024-01-01', 125.00),
(5024, 2024, 'TXN5024', '2024-01-01', 125.00),
(5025, 2025, 'TXN5025', '2024-01-01', 125.00),
(5026, 2026, 'TXN5026', '2024-01-01', 125.00),
(5027, 2027, 'TXN5027', '2024-01-01', 125.00),
(5028, 2028, 'TXN5028', '2024-01-01', 125.00),
(5029, 2029, 'TXN5029', '2024-01-01', 125.00),
(5030, 2030, 'TXN5030', '2024-01-01', 125.00);
SET IDENTITY_INSERT Payment_Confirmations_ProfG_FP OFF;
